Country,Region,Sea-LevelRiseScenarios,ImpactedGDP,TotalGDP,PercentageofGDPimpacted,TotalRegionGDP,PercentageRegion
Argentina,Latin America / Caribbean,1 meter,1362,439897,0.309617933,19743,0.540943976
Bahamas,Latin America / Caribbean,1 meter,235,4962,4.735993551,19743,0.540943976
Belize,Latin America / Caribbean,1 meter,27,1312,2.057926829,19743,0.540943976
Brazil,Latin America / Caribbean,1 meter,7134,1233633,0.578291923,19743,0.540943976
Chile,Latin America / Caribbean,1 meter,113,135982,0.083099234,19743,0.540943976
Colombia,Latin America / Caribbean,1 meter,594,296427,0.200386604,19743,0.540943976
Costa Rica,Latin America / Caribbean,1 meter,43,38381,0.1120346,19743,0.540943976
Cuba,Latin America / Caribbean,1 meter,86,19200,0.447916667,19743,0.540943976
Dominican Republic,Latin America / Caribbean,1 meter,88,57877,0.152046582,19743,0.540943976
Ecuador,Latin America / Caribbean,1 meter,1065,40046,2.659441642,19743,0.540943976
El Salvador,Latin America / Caribbean,1 meter,93,32878,0.282863921,19743,0.540943976
French Guiana,Latin America / Caribbean,1 meter,59,1951,3.02409021,19743,0.540943976
Guatemala,Latin America / Caribbean,1 meter,10,50422,0.019832613,19743,0.540943976
Guyana,Latin America / Caribbean,1 meter,161,3469,4.641106947,19743,0.540943976
Haiti,Latin America / Caribbean,1 meter,12,15299,0.078436499,19743,0.540943976
Honduras,Latin America / Caribbean,1 meter,15,18159,0.082603668,19743,0.540943976
Jamaica,Latin America / Caribbean,1 meter,62,9226,0.672013874,19743,0.540943976
Mexico,Latin America / Caribbean,1 meter,4565,839150,0.54400286,19743,0.540943976
Suriname,Latin America / Caribbean,1 meter,95,1480,6.418918919,19743,0.540943976
Nicaragua,Latin America / Caribbean,1 meter,13,13100,0.099236641,19743,0.540943976
Peru,Latin America / Caribbean,1 meter,774,120087,0.644532714,19743,0.540943976
Panama,Latin America / Caribbean,1 meter,142,16653,0.852699213,19743,0.540943976
Puerto Rico,Latin America / Caribbean,1 meter,1473,96388,1.528198531,19743,0.540943976
Uruguay,Latin America / Caribbean,1 meter,428,28887,1.481635338,19743,0.540943976
Venezuela,Latin America / Caribbean,1 meter,1094,134865,0.811181552,19743,0.540943976
Argentina,Latin America / Caribbean,2 meter,3266,439897,0.742446527,36626,1.003526013
Bahamas,Latin America / Caribbean,2 meter,397,4962,8.000806127,36626,1.003526013
Belize,Latin America / Caribbean,2 meter,46,1312,3.506097561,36626,1.003526013
Brazil,Latin America / Caribbean,2 meter,12432,1233633,1.007755143,36626,1.003526013
Chile,Latin America / Caribbean,2 meter,151,135982,0.111044109,36626,1.003526013
Colombia,Latin America / Caribbean,2 meter,1500,296427,0.506026779,36626,1.003526013
Costa Rica,Latin America / Caribbean,2 meter,67,38381,0.17456554,36626,1.003526013
Cuba,Latin America / Caribbean,2 meter,670,19200,3.489583333,36626,1.003526013
Dominican Republic,Latin America / Caribbean,2 meter,188,57877,0.324826788,36626,1.003526013
Ecuador,Latin America / Caribbean,2 meter,1356,40046,3.386105978,36626,1.003526013
El Salvador,Latin America / Caribbean,2 meter,100,32878,0.304154754,36626,1.003526013
French Guiana,Latin America / Caribbean,2 meter,60,1951,3.075345976,36626,1.003526013
Guatemala,Latin America / Caribbean,2 meter,16,50422,0.03173218,36626,1.003526013
Guyana,Latin America / Caribbean,2 meter,283,3469,8.157970597,36626,1.003526013
Haiti,Latin America / Caribbean,2 meter,27,15299,0.176482123,36626,1.003526013
Honduras,Latin America / Caribbean,2 meter,40,18159,0.220276447,36626,1.003526013
Jamaica,Latin America / Caribbean,2 meter,76,9226,0.823758942,36626,1.003526013
Mexico,Latin America / Caribbean,2 meter,6991,839150,0.833104928,36626,1.003526013
Suriname,Latin America / Caribbean,2 meter,178,1480,12.02702703,36626,1.003526013
Nicaragua,Latin America / Caribbean,2 meter,40,13100,0.305343511,36626,1.003526013
Peru,Latin America / Caribbean,2 meter,844,120087,0.702823786,36626,1.003526013
Panama,Latin America / Caribbean,2 meter,179,16653,1.074881403,36626,1.003526013
Puerto Rico,Latin America / Caribbean,2 meter,5522,96388,5.728928912,36626,1.003526013
Uruguay,Latin America / Caribbean,2 meter,802,28887,2.776335376,36626,1.003526013
Venezuela,Latin America / Caribbean,2 meter,1395,134865,1.034367701,36626,1.003526013
Argentina,Latin America / Caribbean,3 meter,6058,439897,1.377140558,49569,1.358154889
Bahamas,Latin America / Caribbean,3 meter,721,4962,14.53043128,49569,1.358154889
Belize,Latin America / Caribbean,3 meter,73,1312,5.56402439,49569,1.358154889
Brazil,Latin America / Caribbean,3 meter,15036,1233633,1.21883899,49569,1.358154889
Chile,Latin America / Caribbean,3 meter,244,135982,0.179435514,49569,1.358154889
Colombia,Latin America / Caribbean,3 meter,2254,296427,0.760389573,49569,1.358154889
Costa Rica,Latin America / Caribbean,3 meter,113,38381,0.294416508,49569,1.358154889
Cuba,Latin America / Caribbean,3 meter,809,19200,4.213541667,49569,1.358154889
Dominican Republic,Latin America / Caribbean,3 meter,317,57877,0.547713254,49569,1.358154889
Ecuador,Latin America / Caribbean,3 meter,1751,40046,4.372471658,49569,1.358154889
El Salvador,Latin America / Caribbean,3 meter,198,32878,0.602226413,49569,1.358154889
French Guiana,Latin America / Caribbean,3 meter,65,1951,3.331624808,49569,1.358154889
Guatemala,Latin America / Caribbean,3 meter,34,50422,0.067430883,49569,1.358154889
Guyana,Latin America / Caribbean,3 meter,502,3469,14.47102912,49569,1.358154889
Haiti,Latin America / Caribbean,3 meter,46,15299,0.300673247,49569,1.358154889
Honduras,Latin America / Caribbean,3 meter,73,18159,0.402004516,49569,1.358154889
Jamaica,Latin America / Caribbean,3 meter,107,9226,1.159765879,49569,1.358154889
Mexico,Latin America / Caribbean,3 meter,10813,839150,1.288565811,49569,1.358154889
Suriname,Latin America / Caribbean,3 meter,294,1480,19.86486486,49569,1.358154889
Nicaragua,Latin America / Caribbean,3 meter,63,13100,0.480916031,49569,1.358154889
Peru,Latin America / Caribbean,3 meter,1240,120087,1.032584709,49569,1.358154889
Panama,Latin America / Caribbean,3 meter,285,16653,1.711403351,49569,1.358154889
Puerto Rico,Latin America / Caribbean,3 meter,5522,96388,5.728928912,49569,1.358154889
Uruguay,Latin America / Caribbean,3 meter,924,28887,3.198670682,49569,1.358154889
Venezuela,Latin America / Caribbean,3 meter,2027,134865,1.502984466,49569,1.358154889
Argentina,Latin America / Caribbean,4 meter,8090,439897,1.839066872,67575,1.851506316
Bahamas,Latin America / Caribbean,4 meter,927,4962,18.68198307,67575,1.851506316
Belize,Latin America / Caribbean,4 meter,104,1312,7.926829268,67575,1.851506316
Brazil,Latin America / Caribbean,4 meter,21623,1233633,1.752790336,67575,1.851506316
Chile,Latin America / Caribbean,4 meter,301,135982,0.221352826,67575,1.851506316
Colombia,Latin America / Caribbean,4 meter,3103,296427,1.04680073,67575,1.851506316
Costa Rica,Latin America / Caribbean,4 meter,149,38381,0.388212918,67575,1.851506316
Cuba,Latin America / Caribbean,4 meter,999,19200,5.203125,67575,1.851506316
Dominican Republic,Latin America / Caribbean,4 meter,728,57877,1.257839902,67575,1.851506316
Ecuador,Latin America / Caribbean,4 meter,2241,40046,5.596064526,67575,1.851506316
El Salvador,Latin America / Caribbean,4 meter,248,32878,0.75430379,67575,1.851506316
French Guiana,Latin America / Caribbean,4 meter,296,1951,15.17170682,67575,1.851506316
Guatemala,Latin America / Caribbean,4 meter,47,50422,0.09321328,67575,1.851506316
Guyana,Latin America / Caribbean,4 meter,702,3469,20.23637936,67575,1.851506316
Haiti,Latin America / Caribbean,4 meter,139,15299,0.908556115,67575,1.851506316
Honduras,Latin America / Caribbean,4 meter,143,18159,0.787488298,67575,1.851506316
Jamaica,Latin America / Caribbean,4 meter,152,9226,1.647517884,67575,1.851506316
Mexico,Latin America / Caribbean,4 meter,14222,839150,1.694810225,67575,1.851506316
Suriname,Latin America / Caribbean,4 meter,337,1480,22.77027027,67575,1.851506316
Nicaragua,Latin America / Caribbean,4 meter,93,13100,0.709923664,67575,1.851506316
Peru,Latin America / Caribbean,4 meter,1597,120087,1.329869178,67575,1.851506316
Panama,Latin America / Caribbean,4 meter,361,16653,2.167777578,67575,1.851506316
Puerto Rico,Latin America / Caribbean,4 meter,7492,96388,7.772751795,67575,1.851506316
Uruguay,Latin America / Caribbean,4 meter,957,28887,3.312908921,67575,1.851506316
Venezuela,Latin America / Caribbean,4 meter,2524,134865,1.871501131,67575,1.851506316
Argentina,Latin America / Caribbean,5 meter,10036,439897,2.281443156,87061,2.385408678
Bahamas,Latin America / Caribbean,5 meter,1406,4962,28.33534865,87061,2.385408678
Belize,Latin America / Caribbean,5 meter,131,1312,9.984756098,87061,2.385408678
Brazil,Latin America / Caribbean,5 meter,30176,1233633,2.446108364,87061,2.385408678
Chile,Latin America / Caribbean,5 meter,301,135982,0.221352826,87061,2.385408678
Colombia,Latin America / Caribbean,5 meter,3602,296427,1.215138972,87061,2.385408678
Costa Rica,Latin America / Caribbean,5 meter,217,38381,0.565383914,87061,2.385408678
Cuba,Latin America / Caribbean,5 meter,1236,19200,6.4375,87061,2.385408678
Dominican Republic,Latin America / Caribbean,5 meter,822,57877,1.420253296,87061,2.385408678
Ecuador,Latin America / Caribbean,5 meter,2798,40046,6.98696499,87061,2.385408678
El Salvador,Latin America / Caribbean,5 meter,323,32878,0.982419855,87061,2.385408678
French Guiana,Latin America / Caribbean,5 meter,298,1951,15.27421835,87061,2.385408678
Guatemala,Latin America / Caribbean,5 meter,94,50422,0.18642656,87061,2.385408678
Guyana,Latin America / Caribbean,5 meter,789,3469,22.74430672,87061,2.385408678
Haiti,Latin America / Caribbean,5 meter,178,15299,1.163474737,87061,2.385408678
Honduras,Latin America / Caribbean,5 meter,228,18159,1.255575748,87061,2.385408678
Jamaica,Latin America / Caribbean,5 meter,220,9226,2.384565359,87061,2.385408678
Mexico,Latin America / Caribbean,5 meter,18605,839150,2.217124471,87061,2.385408678
Suriname,Latin America / Caribbean,5 meter,509,1480,34.39189189,87061,2.385408678
Nicaragua,Latin America / Caribbean,5 meter,123,13100,0.938931298,87061,2.385408678
Peru,Latin America / Caribbean,5 meter,1631,120087,1.358181985,87061,2.385408678
Panama,Latin America / Caribbean,5 meter,436,16653,2.61814688,87061,2.385408678
Puerto Rico,Latin America / Caribbean,5 meter,8921,96388,9.25530149,87061,2.385408678
Uruguay,Latin America / Caribbean,5 meter,1017,28887,3.520614809,87061,2.385408678
Venezuela,Latin America / Caribbean,5 meter,2964,134865,2.197753309,87061,2.385408678
Algeria,Middle East / North Africa,1 meter,976,186902,0.522198799,21211,1.510249418
Egypt,Middle East / North Africa,1 meter,14301,222186,6.436499149,21211,1.510249418
Iran,Middle East / North Africa,1 meter,859,364399,0.235730614,21211,1.510249418
Kuwait,Middle East / North Africa,1 meter,428,37262,1.148623262,21211,1.510249418
Libya,Middle East / North Africa,1 meter,696,45400,1.533039648,21211,1.510249418
Morocco,Middle East / North Africa,1 meter,141,97991,0.143890765,21211,1.510249418
Oman,Middle East / North Africa,1 meter,244,29018,0.840857399,21211,1.510249418
Qatar,Middle East / North Africa,1 meter,274,15100,1.814569536,21211,1.510249418
Saudi Arabia,Middle East / North Africa,1 meter,417,278922,0.149504162,21211,1.510249418
United Arab Emirates,Middle East / North Africa,1 meter,1087,54000,2.012962963,21211,1.510249418
Tunisia,Middle East / North Africa,1 meter,1718,58574,2.933041964,21211,1.510249418
Western Sahara,Middle East / North Africa,1 meter,1,762,0.131233596,21211,1.510249418
Yemen,Middle East / North Africa,1 meter,69,13954,0.494481869,21211,1.510249418
Algeria,Middle East / North Africa,2 meter,1140,186902,0.609945319,30645,2.181961879
Egypt,Middle East / North Africa,2 meter,21198,222186,9.540655127,30645,2.181961879
Iran,Middle East / North Africa,2 meter,1461,364399,0.400934141,30645,2.181961879
Kuwait,Middle East / North Africa,2 meter,632,37262,1.696097901,30645,2.181961879
Libya,Middle East / North Africa,2 meter,1016,45400,2.237885463,30645,2.181961879
Morocco,Middle East / North Africa,2 meter,259,97991,0.264309988,30645,2.181961879
Oman,Middle East / North Africa,2 meter,263,29018,0.906334,30645,2.181961879
Qatar,Middle East / North Africa,2 meter,441,15100,2.920529801,30645,2.181961879
Saudi Arabia,Middle East / North Africa,2 meter,614,278922,0.220133227,30645,2.181961879
United Arab Emirates,Middle East / North Africa,2 meter,1586,54000,2.937037037,30645,2.181961879
Tunisia,Middle East / North Africa,2 meter,1965,58574,3.354730768,30645,2.181961879
Western Sahara,Middle East / North Africa,2 meter,1,762,0.131233596,30645,2.181961879
Yemen,Middle East / North Africa,2 meter,69,13954,0.494481869,30645,2.181961879
Algeria,Middle East / North Africa,3 meter,1210,186902,0.647398102,39112,2.784822745
Egypt,Middle East / North Africa,3 meter,26952,222186,12.13037725,39112,2.784822745
Iran,Middle East / North Africa,3 meter,2145,364399,0.588640474,39112,2.784822745
Kuwait,Middle East / North Africa,3 meter,677,37262,1.816864366,39112,2.784822745
Libya,Middle East / North Africa,3 meter,1094,45400,2.40969163,39112,2.784822745
Morocco,Middle East / North Africa,3 meter,470,97991,0.479635885,39112,2.784822745
Oman,Middle East / North Africa,3 meter,396,29018,1.364670205,39112,2.784822745
Qatar,Middle East / North Africa,3 meter,651,15100,4.311258278,39112,2.784822745
Saudi Arabia,Middle East / North Africa,3 meter,826,278922,0.29614014,39112,2.784822745
United Arab Emirates,Middle East / North Africa,3 meter,1751,54000,3.242592593,39112,2.784822745
Tunisia,Middle East / North Africa,3 meter,2855,58574,4.874176256,39112,2.784822745
Western Sahara,Middle East / North Africa,3 meter,2,762,0.262467192,39112,2.784822745
Yemen,Middle East / North Africa,3 meter,83,13954,0.594811524,39112,2.784822745
Algeria,Middle East / North Africa,4 meter,2059,186902,1.101646852,46947,3.342684429
Egypt,Middle East / North Africa,4 meter,31223,222186,14.05264058,46947,3.342684429
Iran,Middle East / North Africa,4 meter,2868,364399,0.787049361,46947,3.342684429
Kuwait,Middle East / North Africa,4 meter,1147,37262,3.078202995,46947,3.342684429
Libya,Middle East / North Africa,4 meter,1215,45400,2.676211454,46947,3.342684429
Morocco,Middle East / North Africa,4 meter,535,97991,0.545968507,46947,3.342684429
Oman,Middle East / North Africa,4 meter,492,29018,1.695499345,46947,3.342684429
Qatar,Middle East / North Africa,4 meter,999,15100,6.61589404,46947,3.342684429
Saudi Arabia,Middle East / North Africa,4 meter,1075,278922,0.385412409,46947,3.342684429
United Arab Emirates,Middle East / North Africa,4 meter,1932,54000,3.577777778,46947,3.342684429
Tunisia,Middle East / North Africa,4 meter,3301,58574,5.635606242,46947,3.342684429
Western Sahara,Middle East / North Africa,4 meter,2,762,0.262467192,46947,3.342684429
Yemen,Middle East / North Africa,4 meter,99,13954,0.709473986,46947,3.342684429
Algeria,Middle East / North Africa,5 meter,2196,186902,1.174947299,55561,3.956011876
Egypt,Middle East / North Africa,5 meter,36214,222186,16.29895673,55561,3.956011876
Iran,Middle East / North Africa,5 meter,3645,364399,1.000277169,55561,3.956011876
Kuwait,Middle East / North Africa,5 meter,1374,37262,3.687402716,55561,3.956011876
Libya,Middle East / North Africa,5 meter,1299,45400,2.86123348,55561,3.956011876
Morocco,Middle East / North Africa,5 meter,609,97991,0.621485647,55561,3.956011876
Oman,Middle East / North Africa,5 meter,605,29018,2.084912813,55561,3.956011876
Qatar,Middle East / North Africa,5 meter,1476,15100,9.774834437,55561,3.956011876
Saudi Arabia,Middle East / North Africa,5 meter,1402,278922,0.502649486,55561,3.956011876
United Arab Emirates,Middle East / North Africa,5 meter,2364,54000,4.377777778,55561,3.956011876
Tunisia,Middle East / North Africa,5 meter,4260,58574,7.272851436,55561,3.956011876
Western Sahara,Middle East / North Africa,5 meter,3,762,0.393700787,55561,3.956011876
Yemen,Middle East / North Africa,5 meter,114,13954,0.816970044,55561,3.956011876
Angola,Sub-Saharan Africa,1 meter,48,27653,0.17357972,2401,0.237889295
Benin,Sub-Saharan Africa,1 meter,336,5962,5.635692721,2401,0.237889295
"Congo, Rep.",Sub-Saharan Africa,1 meter,0,2881,0,2401,0.237889295
"Congo, Dem. Rep.",Sub-Saharan Africa,1 meter,9,37331,0.02410865,2401,0.237889295
Cameroon,Sub-Saharan Africa,1 meter,19,24386,0.077913557,2401,0.237889295
Djibouti,Sub-Saharan Africa,1 meter,5,1487,0.336247478,2401,0.237889295
Equatorial Guinea,Sub-Saharan Africa,1 meter,0,960,0,2401,0.237889295
Ethiopia,Sub-Saharan Africa,1 meter,173,49241,0.351333239,2401,0.237889295
Gambia,Sub-Saharan Africa,1 meter,19,2567,0.740163615,2401,0.237889295
Gabon,Sub-Saharan Africa,1 meter,9,7385,0.121868653,2401,0.237889295
Ghana,Sub-Saharan Africa,1 meter,356,42213,0.843342098,2401,0.237889295
Guinea,Sub-Saharan Africa,1 meter,46,14174,0.324537886,2401,0.237889295
Ivory Coast,Sub-Saharan Africa,1 meter,267,24159,1.105178194,2401,0.237889295
Kenya,Sub-Saharan Africa,1 meter,40,29623,0.135030213,2401,0.237889295
Liberia,Sub-Saharan Africa,1 meter,36,3350,1.074626866,2401,0.237889295
Madagascar,Sub-Saharan Africa,1 meter,29,12577,0.230579629,2401,0.237889295
Mauritania,Sub-Saharan Africa,1 meter,465,4972,9.35237329,2401,0.237889295
Mozambique,Sub-Saharan Africa,1 meter,47,17660,0.266138165,2401,0.237889295
Nigeria,Sub-Saharan Africa,1 meter,250,109412,0.228494132,2401,0.237889295
Guinea-Bissau,Sub-Saharan Africa,1 meter,5,1150,0.434782609,2401,0.237889295
South Africa,Sub-Saharan Africa,1 meter,35,470466,0.007439432,2401,0.237889295
Senegal,Sub-Saharan Africa,1 meter,158,13848,1.140958983,2401,0.237889295
Sierra Leone,Sub-Saharan Africa,1 meter,4,2285,0.175054705,2401,0.237889295
Somalia,Sub-Saharan Africa,1 meter,4,4300,0.093023256,2401,0.237889295
Sudan,Sub-Saharan Africa,1 meter,15,62128,0.024143703,2401,0.237889295
Togo,Sub-Saharan Africa,1 meter,11,7493,0.146803683,2401,0.237889295
Sao Tome and Principe,Sub-Saharan Africa,1 meter,0,178,0,2401,0.237889295
Tanzania,Sub-Saharan Africa,1 meter,11,17035,0.064572938,2401,0.237889295
Namibia,Sub-Saharan Africa,1 meter,4,12417,0.0322139,2401,0.237889295
Angola,Sub-Saharan Africa,2 meter,115,27653,0.415868079,4549,0.450711538
Benin,Sub-Saharan Africa,2 meter,550,5962,9.225092251,4549,0.450711538
"Congo, Rep.",Sub-Saharan Africa,2 meter,3,2881,0.10413051,4549,0.450711538
"Congo, Dem. Rep.",Sub-Saharan Africa,2 meter,17,37331,0.04553856,4549,0.450711538
Cameroon,Sub-Saharan Africa,2 meter,19,24386,0.077913557,4549,0.450711538
Djibouti,Sub-Saharan Africa,2 meter,5,1487,0.336247478,4549,0.450711538
Equatorial Guinea,Sub-Saharan Africa,2 meter,1,960,0.104166667,4549,0.450711538
Ethiopia,Sub-Saharan Africa,2 meter,181,49241,0.367579862,4549,0.450711538
Gambia,Sub-Saharan Africa,2 meter,56,2567,2.181534866,4549,0.450711538
Gabon,Sub-Saharan Africa,2 meter,12,7385,0.162491537,4549,0.450711538
Ghana,Sub-Saharan Africa,2 meter,458,42213,1.084973823,4549,0.450711538
Guinea,Sub-Saharan Africa,2 meter,364,14174,2.568082404,4549,0.450711538
Ivory Coast,Sub-Saharan Africa,2 meter,280,24159,1.158988369,4549,0.450711538
Kenya,Sub-Saharan Africa,2 meter,44,29623,0.148533234,4549,0.450711538
Liberia,Sub-Saharan Africa,2 meter,36,3350,1.074626866,4549,0.450711538
Madagascar,Sub-Saharan Africa,2 meter,58,12577,0.461159259,4549,0.450711538
Mauritania,Sub-Saharan Africa,2 meter,718,4972,14.44086887,4549,0.450711538
Mozambique,Sub-Saharan Africa,2 meter,84,17660,0.475651189,4549,0.450711538
Nigeria,Sub-Saharan Africa,2 meter,510,109412,0.46612803,4549,0.450711538
Guinea-Bissau,Sub-Saharan Africa,2 meter,11,1150,0.956521739,4549,0.450711538
South Africa,Sub-Saharan Africa,2 meter,35,470466,0.007439432,4549,0.450711538
Senegal,Sub-Saharan Africa,2 meter,916,13848,6.614673599,4549,0.450711538
Sierra Leone,Sub-Saharan Africa,2 meter,11,2285,0.481400438,4549,0.450711538
Somalia,Sub-Saharan Africa,2 meter,7,4300,0.162790698,4549,0.450711538
Sudan,Sub-Saharan Africa,2 meter,20,62128,0.032191604,4549,0.450711538
Togo,Sub-Saharan Africa,2 meter,17,7493,0.22687842,4549,0.450711538
Sao Tome and Principe,Sub-Saharan Africa,2 meter,0,178,0,4549,0.450711538
Tanzania,Sub-Saharan Africa,2 meter,17,17035,0.099794541,4549,0.450711538
Namibia,Sub-Saharan Africa,2 meter,4,12417,0.0322139,4549,0.450711538
Angola,Sub-Saharan Africa,3 meter,209,27653,0.755795031,7324,0.725656474
Benin,Sub-Saharan Africa,3 meter,880,5962,14.7601476,7324,0.725656474
"Congo, Rep.",Sub-Saharan Africa,3 meter,3,2881,0.10413051,7324,0.725656474
"Congo, Dem. Rep.",Sub-Saharan Africa,3 meter,17,37331,0.04553856,7324,0.725656474
Cameroon,Sub-Saharan Africa,3 meter,47,24386,0.192733536,7324,0.725656474
Djibouti,Sub-Saharan Africa,3 meter,11,1487,0.739744452,7324,0.725656474
Equatorial Guinea,Sub-Saharan Africa,3 meter,2,960,0.208333333,7324,0.725656474
Ethiopia,Sub-Saharan Africa,3 meter,181,49241,0.367579862,7324,0.725656474
Gambia,Sub-Saharan Africa,3 meter,195,2567,7.59641605,7324,0.725656474
Gabon,Sub-Saharan Africa,3 meter,31,7385,0.419769804,7324,0.725656474
Ghana,Sub-Saharan Africa,3 meter,577,42213,1.366877502,7324,0.725656474
Guinea,Sub-Saharan Africa,3 meter,469,14174,3.308875406,7324,0.725656474
Ivory Coast,Sub-Saharan Africa,3 meter,292,24159,1.208659299,7324,0.725656474
Kenya,Sub-Saharan Africa,3 meter,89,29623,0.300442224,7324,0.725656474
Liberia,Sub-Saharan Africa,3 meter,42,3350,1.253731343,7324,0.725656474
Madagascar,Sub-Saharan Africa,3 meter,84,12577,0.667885823,7324,0.725656474
Mauritania,Sub-Saharan Africa,3 meter,869,4972,17.47787611,7324,0.725656474
Mozambique,Sub-Saharan Africa,3 meter,164,17660,0.928652322,7324,0.725656474
Nigeria,Sub-Saharan Africa,3 meter,1734,109412,1.584835301,7324,0.725656474
Guinea-Bissau,Sub-Saharan Africa,3 meter,21,1150,1.826086957,7324,0.725656474
South Africa,Sub-Saharan Africa,3 meter,177,470466,0.037622272,7324,0.725656474
Senegal,Sub-Saharan Africa,3 meter,1124,13848,8.116695552,7324,0.725656474
Sierra Leone,Sub-Saharan Africa,3 meter,22,2285,0.962800875,7324,0.725656474
Somalia,Sub-Saharan Africa,3 meter,8,4300,0.186046512,7324,0.725656474
Sudan,Sub-Saharan Africa,3 meter,36,62128,0.057944888,7324,0.725656474
Togo,Sub-Saharan Africa,3 meter,17,7493,0.22687842,7324,0.725656474
Sao Tome and Principe,Sub-Saharan Africa,3 meter,0,178,0,7324,0.725656474
Tanzania,Sub-Saharan Africa,3 meter,19,17035,0.111535075,7324,0.725656474
Namibia,Sub-Saharan Africa,3 meter,4,12417,0.0322139,7324,0.725656474
Angola,Sub-Saharan Africa,4 meter,385,27653,1.392254005,11076,1.097401845
Benin,Sub-Saharan Africa,4 meter,931,5962,15.61556525,11076,1.097401845
"Congo, Rep.",Sub-Saharan Africa,4 meter,7,2881,0.242971191,11076,1.097401845
"Congo, Dem. Rep.",Sub-Saharan Africa,4 meter,17,37331,0.04553856,11076,1.097401845
Cameroon,Sub-Saharan Africa,4 meter,220,24386,0.902156975,11076,1.097401845
Djibouti,Sub-Saharan Africa,4 meter,19,1487,1.277740417,11076,1.097401845
Equatorial Guinea,Sub-Saharan Africa,4 meter,2,960,0.208333333,11076,1.097401845
Ethiopia,Sub-Saharan Africa,4 meter,181,49241,0.367579862,11076,1.097401845
Gambia,Sub-Saharan Africa,4 meter,375,2567,14.6084924,11076,1.097401845
Gabon,Sub-Saharan Africa,4 meter,55,7385,0.744752877,11076,1.097401845
Ghana,Sub-Saharan Africa,4 meter,644,42213,1.52559638,11076,1.097401845
Guinea,Sub-Saharan Africa,4 meter,642,14174,4.529420065,11076,1.097401845
Ivory Coast,Sub-Saharan Africa,4 meter,526,24159,2.177242436,11076,1.097401845
Kenya,Sub-Saharan Africa,4 meter,98,29623,0.330824022,11076,1.097401845
Liberia,Sub-Saharan Africa,4 meter,60,3350,1.791044776,11076,1.097401845
Madagascar,Sub-Saharan Africa,4 meter,114,12577,0.906416475,11076,1.097401845
Mauritania,Sub-Saharan Africa,4 meter,1081,4972,21.74175382,11076,1.097401845
Mozambique,Sub-Saharan Africa,4 meter,1127,17660,6.381653454,11076,1.097401845
Nigeria,Sub-Saharan Africa,4 meter,2083,109412,1.90381311,11076,1.097401845
Guinea-Bissau,Sub-Saharan Africa,4 meter,128,1150,11.13043478,11076,1.097401845
South Africa,Sub-Saharan Africa,4 meter,836,470466,0.177696157,11076,1.097401845
Senegal,Sub-Saharan Africa,4 meter,1348,13848,9.734257655,11076,1.097401845
Sierra Leone,Sub-Saharan Africa,4 meter,32,2285,1.400437637,11076,1.097401845
Somalia,Sub-Saharan Africa,4 meter,10,4300,0.23255814,11076,1.097401845
Sudan,Sub-Saharan Africa,4 meter,61,62128,0.098184394,11076,1.097401845
Togo,Sub-Saharan Africa,4 meter,45,7493,0.600560523,11076,1.097401845
Sao Tome and Principe,Sub-Saharan Africa,4 meter,0,178,0,11076,1.097401845
Tanzania,Sub-Saharan Africa,4 meter,45,17035,0.264162019,11076,1.097401845
Namibia,Sub-Saharan Africa,4 meter,4,12417,0.0322139,11076,1.097401845
Angola,Sub-Saharan Africa,5 meter,476,27653,1.721332224,13909,1.378093378
Benin,Sub-Saharan Africa,5 meter,976,5962,16.37034552,13909,1.378093378
"Congo, Rep.",Sub-Saharan Africa,5 meter,17,2881,0.590072891,13909,1.378093378
"Congo, Dem. Rep.",Sub-Saharan Africa,5 meter,17,37331,0.04553856,13909,1.378093378
Cameroon,Sub-Saharan Africa,5 meter,288,24386,1.181005495,13909,1.378093378
Djibouti,Sub-Saharan Africa,5 meter,19,1487,1.277740417,13909,1.378093378
Equatorial Guinea,Sub-Saharan Africa,5 meter,2,960,0.208333333,13909,1.378093378
Ethiopia,Sub-Saharan Africa,5 meter,189,49241,0.383826486,13909,1.378093378
Gambia,Sub-Saharan Africa,5 meter,448,2567,17.45227892,13909,1.378093378
Gabon,Sub-Saharan Africa,5 meter,81,7385,1.096817874,13909,1.378093378
Ghana,Sub-Saharan Africa,5 meter,950,42213,2.250491555,13909,1.378093378
Guinea,Sub-Saharan Africa,5 meter,911,14174,6.427261182,13909,1.378093378
Ivory Coast,Sub-Saharan Africa,5 meter,772,24159,3.195496502,13909,1.378093378
Kenya,Sub-Saharan Africa,5 meter,135,29623,0.455726969,13909,1.378093378
Liberia,Sub-Saharan Africa,5 meter,60,3350,1.791044776,13909,1.378093378
Madagascar,Sub-Saharan Africa,5 meter,162,12577,1.288065516,13909,1.378093378
Mauritania,Sub-Saharan Africa,5 meter,1297,4972,26.08608206,13909,1.378093378
Mozambique,Sub-Saharan Africa,5 meter,1257,17660,7.117780294,13909,1.378093378
Nigeria,Sub-Saharan Africa,5 meter,3027,109412,2.766606954,13909,1.378093378
Guinea-Bissau,Sub-Saharan Africa,5 meter,160,1150,13.91304348,13909,1.378093378
South Africa,Sub-Saharan Africa,5 meter,889,470466,0.188961583,13909,1.378093378
Senegal,Sub-Saharan Africa,5 meter,1503,13848,10.85355286,13909,1.378093378
Sierra Leone,Sub-Saharan Africa,5 meter,50,2285,2.188183807,13909,1.378093378
Somalia,Sub-Saharan Africa,5 meter,17,4300,0.395348837,13909,1.378093378
Sudan,Sub-Saharan Africa,5 meter,97,62128,0.156129281,13909,1.378093378
Togo,Sub-Saharan Africa,5 meter,51,7493,0.68063526,13909,1.378093378
Sao Tome and Principe,Sub-Saharan Africa,5 meter,0,178,0,13909,1.378093378
Tanzania,Sub-Saharan Africa,5 meter,51,17035,0.299383622,13909,1.378093378
Namibia,Sub-Saharan Africa,5 meter,7,12417,0.056374326,13909,1.378093378
Myanmar (Burma),East Asia,1 meter,613,63700,0.962323391,158428,2.090849846
Brunei,East Asia,1 meter,0,5900,0,158428,2.090849846
Cambodia,East Asia,1 meter,223,21106,1.056571591,158428,2.090849846
China,East Asia,1 meter,113390,4724163,2.40021354,158428,2.090849846
Indonesia,East Asia,1 meter,11558,613299,1.884562016,158428,2.090849846
North Korea,East Asia,1 meter,22,22000,0.1,158428,2.090849846
South Korea,East Asia,1 meter,1468,691772,0.212208647,158428,2.090849846
Malaysia,East Asia,1 meter,1165,211738,0.550208276,158428,2.090849846
Papua New Guinea,East Asia,1 meter,8,13927,0.057442378,158428,2.090849846
Philippines,East Asia,1 meter,1805,290338,0.621689204,158428,2.090849846
Thailand,East Asia,1 meter,5372,378476,1.419376658,158428,2.090849846
Taiwan China,East Asia,1 meter,6999,386000,1.813212435,158428,2.090849846
Vietnam,East Asia,1 meter,15805,154787,10.21080582,158428,2.090849846
Myanmar (Burma),East Asia,2 meter,1257,63700,1.973312402,255550,3.372615183
Brunei,East Asia,2 meter,0,5900,0,255550,3.372615183
Cambodia,East Asia,2 meter,552,21106,2.615370037,255550,3.372615183
China,East Asia,2 meter,177883,4724163,3.765386588,255550,3.372615183
Indonesia,East Asia,2 meter,18776,613299,3.061475724,255550,3.372615183
North Korea,East Asia,2 meter,37,22000,0.168181818,255550,3.372615183
South Korea,East Asia,2 meter,2846,691772,0.411407227,255550,3.372615183
Malaysia,East Asia,2 meter,2534,211738,1.196762036,255550,3.372615183
Papua New Guinea,East Asia,2 meter,12,13927,0.086163567,255550,3.372615183
Philippines,East Asia,2 meter,4104,290338,1.413524926,255550,3.372615183
Thailand,East Asia,2 meter,10411,378476,2.750768873,255550,3.372615183
Taiwan China,East Asia,2 meter,11616,386000,3.009326425,255550,3.372615183
Vietnam,East Asia,2 meter,25522,154787,16.48846479,255550,3.372615183
Myanmar (Burma),East Asia,3 meter,2529,63700,3.970172684,394129,5.201508313
Brunei,East Asia,3 meter,0,5900,0,394129,5.201508313
Cambodia,East Asia,3 meter,1045,21106,4.951198711,394129,5.201508313
China,East Asia,3 meter,263878,4724163,5.585709045,394129,5.201508313
Indonesia,East Asia,3 meter,30278,613299,4.936906794,394129,5.201508313
North Korea,East Asia,3 meter,92,22000,0.418181818,394129,5.201508313
South Korea,East Asia,3 meter,4130,691772,0.597017514,394129,5.201508313
Malaysia,East Asia,3 meter,3716,211738,1.754999103,394129,5.201508313
Papua New Guinea,East Asia,3 meter,16,13927,0.114884756,394129,5.201508313
Philippines,East Asia,3 meter,6165,290338,2.123387225,394129,5.201508313
Thailand,East Asia,3 meter,28230,378476,7.458861328,394129,5.201508313
Taiwan China,East Asia,3 meter,16631,386000,4.308549223,394129,5.201508313
Vietnam,East Asia,3 meter,37419,154787,24.17451078,394129,5.201508313
Myanmar (Burma),East Asia,4 meter,4562,63700,7.161695447,592657,7.821576977
Brunei,East Asia,4 meter,6,5900,0.101694915,592657,7.821576977
Cambodia,East Asia,4 meter,1627,21106,7.708708424,592657,7.821576977
China,East Asia,4 meter,389835,4724163,8.251937962,592657,7.821576977
Indonesia,East Asia,4 meter,43271,613299,7.0554493,592657,7.821576977
North Korea,East Asia,4 meter,175,22000,0.795454545,592657,7.821576977
South Korea,East Asia,4 meter,6198,691772,0.895959941,592657,7.821576977
Malaysia,East Asia,4 meter,7356,211738,3.47410479,592657,7.821576977
Papua New Guinea,East Asia,4 meter,29,13927,0.208228621,592657,7.821576977
Philippines,East Asia,4 meter,9845,290338,3.390875462,592657,7.821576977
Thailand,East Asia,4 meter,61179,378476,16.16456526,592657,7.821576977
Taiwan China,East Asia,4 meter,21065,386000,5.457253886,592657,7.821576977
Vietnam,East Asia,4 meter,47509,154787,30.69314607,592657,7.821576977
Myanmar (Burma),East Asia,5 meter,7542,63700,11.83987441,773176,10.20397228
Brunei,East Asia,5 meter,179,5900,3.033898305,773176,10.20397228
Cambodia,East Asia,5 meter,2378,21106,11.26693831,773176,10.20397228
China,East Asia,5 meter,510437,4724163,10.80481347,773176,10.20397228
Indonesia,East Asia,5 meter,49768,613299,8.114802079,773176,10.20397228
North Korea,East Asia,5 meter,679,22000,3.086363636,773176,10.20397228
South Korea,East Asia,5 meter,8803,691772,1.272529099,773176,10.20397228
Malaysia,East Asia,5 meter,11958,211738,5.647545552,773176,10.20397228
Papua New Guinea,East Asia,5 meter,49,13927,0.351834566,773176,10.20397228
Philippines,East Asia,5 meter,12155,290338,4.186499873,773176,10.20397228
Thailand,East Asia,5 meter,85669,378476,22.63525296,773176,10.20397228
Taiwan China,East Asia,5 meter,27524,386000,7.130569948,773176,10.20397228
Vietnam,East Asia,5 meter,56035,154787,36.20136058,773176,10.20397228
Bangladesh,South Asia,1 meter,1896,202087,0.938209781,18653,0.566002755
Sri Lanka,South Asia,1 meter,284,62726,0.45276281,18653,0.566002755
India,South Asia,1 meter,16223,2772730,0.585091228,18653,0.566002755
Pakistan,South Asia,1 meter,250,258024,0.096890212,18653,0.566002755
Bangladesh,South Asia,2 meter,3387,202087,1.676010827,31761,0.963749182
Sri Lanka,South Asia,2 meter,503,62726,0.801900328,31761,0.963749182
India,South Asia,2 meter,27414,2772730,0.988700667,31761,0.963749182
Pakistan,South Asia,2 meter,457,258024,0.177115307,31761,0.963749182
Bangladesh,South Asia,3 meter,7768,202087,3.843889018,53073,1.61043608
Sri Lanka,South Asia,3 meter,987,62726,1.573510187,53073,1.61043608
India,South Asia,3 meter,43473,2772730,1.567877146,53073,1.61043608
Pakistan,South Asia,3 meter,845,258024,0.327488916,53073,1.61043608
Bangladesh,South Asia,4 meter,14458,202087,7.154344416,74865,2.271687998
Sri Lanka,South Asia,4 meter,1728,62726,2.754838504,74865,2.271687998
India,South Asia,4 meter,57483,2772730,2.073155338,74865,2.271687998
Pakistan,South Asia,4 meter,1196,258024,0.463522773,74865,2.271687998
Bangladesh,South Asia,5 meter,22790,202087,11.27732115,98920,3.001607918
Sri Lanka,South Asia,5 meter,2343,62726,3.73529318,98920,3.001607918
India,South Asia,5 meter,72263,2772730,2.606203994,98920,3.001607918
Pakistan,South Asia,5 meter,1524,258024,0.590642731,98920,3.001607918
